{
    "spot_diameter_fullres": 56.78856984642596,
    "tissue_hires_scalef": 0.43355733795794493,
    "fiducial_diameter_fullres": 91.73538118594087,
    "tissue_lowres_scalef": 0.13006720138738348
}